"ID","AAA027","XM","SFZH","BMID","XXDZ","YLFZE","KBFY","JBYBZF","DBBX","NBX","WBX","YLJZ","CZDD","DDJGCD","GRZF"
"5174","360502","野苗锯","220600195209261356","284","山东省德州市陵城区前门大街974号","35014","34214","12936","1277","0","0","0","0","0","20861"
"5175","360502","闻小苗","220600195802221355","290","山东省德州市陵城区前门大街288号","46787","30980","18168","0","0","0","0","0","0","28648"
"5161","360502","律尹姥","220600196710071358","288","山东省德州市陵城区前门大街444号","90185","52595","31375","1289","0","0","0","61","0","57550"
"5162","360502","哈嵌绣","220600197605251351","288","山东省德州市陵城区前门大街444号","169330","65042","38605","4372","0","0","0","0","0","126413"
"5163","360502","熊衰灼","220600195808161365","288","山东省德州市陵城区前门大街444号","127333","108804","63998","15394","0","0","0","0","0","48001"
"5170","360502","孛夜襄","340704196806093357","284","山东省德州市陵城区前门大街974号","60724","55349","27605","5495","0","0","0","0","0","27684"
"5171","360502","孛费绣","220600195505201358","284","山东省德州市陵城区前门大街974号","38376","30658","17543","0","0","0","0","0","0","20863"
"5172","360502","闻小淤","220600197012011328","282","山东省德州市陵城区前门大街238号","29320","17874","9872","0","0","0","0","0","0","19477"
"5176","360502","熊恩伤","220600194006131362","284","山东省德州市陵城区前门大街974号","59878","52998","30947","1741","0","0","0","0","0","27250"
"5177","360502","闻斡府","220600196912281345","272","山东省德州市陵城区前门大街731号","152636","132352","76831","23574","2731","4338","9224","0","0","36088"
"5178","360502","闻楹","220600200509181300","272","山东省德州市陵城区前门大街731号","81709","24434","9408","0","0","0","0","0","0","72331"
"5179","360502","吕筋流","220600195311081351","286","山东省德州市陵城区前门大街871号","132659","104322","60971","14615","0","0","0","92","0","57071"
"5180","360502","熊衰谅","220600195409271356","280","山东省德州市陵城区前门大街920号","146988","117367","66568","18990","0","0","0","0","0","61490"
"5181","360502","尔堞挟","220600201504071342","286","山东省德州市陵城区前门大街871号","66991","32426","18650","0","0","0","0","61","0","48340"
"5182","360502","孛小苗","220600195705211307","280","山东省德州市陵城区前门大街920号","63341","31559","24869","0","0","0","0","0","0","38502"
"5183","360502","闻知孟","220600194909131363","280","山东省德州市陵城区前门大街920号","83290","45432","26407","0","0","0","0","0","0","56912"
"5184","360502","闻恋恋","220600195706031340","272","山东省德州市陵城区前门大街731号","96965","67198","39899","11534","0","10936","11876","0","0","22840"
"5185","360502","孛搀襄","220600197108041396","286","山东省德州市陵城区前门大街871号","27630","23375","7193","0","0","0","0","0","0","20467"
"5186","360502","闻且雁","220600200207051383","280","山东省德州市陵城区前门大街920号","56839","33238","11930","0","0","0","0","0","0","44938"
"5187","360502","邹小英","220600195511121354","272","山东省德州市陵城区前门大街731号","117764","103849","57570","23872","2572","2501","10133","0","0","21268"
"5188","360502","粟小筋","220600195807111307","289","山东省德州市陵城区前门大街446号","38405","34188","19661","0","0","0","0","0","0","18774"
"5189","360502","宓筋钮","220600194504091359","289","山东省德州市陵城区前门大街446号","97541","38750","22830","0","0","0","0","0","0","74741"
"5190","360502","熊活譬","220600196304201348","281","山东省德州市陵城区前门大街314号","49838","38602","19072","228","0","0","0","0","0","30599"
"5191","360502","其知寂","220600197708131344","281","山东省德州市陵城区前门大街314号","135914","45942","35992","0","0","0","0","0","0","99953"
"5192","360502","野圣矣","220600195104191347","281","山东省德州市陵城区前门大街314号","46766","41976","24334","0","0","0","0","0","0","22463"
"5193","360502","卫衰譬","22060019650629137X","281","山东省德州市陵城区前门大街314号","77530","68378","39311","5951","0","0","0","0","0","32329"
"5194","360502","孛贤苗","220600197305161354","289","山东省德州市陵城区前门大街446号","72817","51822","30241","1458","0","0","0","0","0","41178"
"5195","360502","野嵌绣","220600197606121356","281","山东省德州市陵城区前门大街314号","50260","37270","21942","0","0","0","0","0","0","28348"
"5196","360502","屠襄府","220600196208281376","289","山东省德州市陵城区前门大街446号","45392","41204","22574","1838","0","0","0","0","0","21041"
"5197","360502","闻恩流","220600194007221351","289","山东省德州市陵城区前门大街446号","53182","39186","22660","0","0","0","0","0","0","30552"
"5198","360502","班隐糙","220600194306161360","281","山东省德州市陵城区前门大街314号","31531","25070","12617","0","0","0","0","0","0","18944"
"5199","360502","坚衰姥","220600196411101385","281","山东省德州市陵城区前门大街314号","32618","26989","8350","0","0","0","0","0","0","24299"
"5200","360502","其筋流","220600194411291351","289","山东省德州市陵城区前门大街446号","45820","30652","17971","0","0","0","0","0","0","27878"
"4992","360502","江苗流","220600196712216207","323","山东省德州市陵城区前门大街340号","53154","33286","19552","0","0","0","0","0","0","33634"
"4993","360502","允衰府","220600195211126241","325","山东省德州市陵城区前门大街27号","54902","42044","24374","0","0","0","0","0","0","30558"
"4994","360502","吕府汞","220600197208056202","323","山东省德州市陵城区前门大街340号","105402","84347","50189","9005","0","0","0","0","0","46268"
"4995","360502","达小譬","220600196705296245","323","山东省德州市陵城区前门大街340号","40776","18974","14802","0","0","0","0","0","0","26005"
"4996","360502","同小渺","220600196609205251","323","山东省德州市陵城区前门大街340号","32874","24744","14426","0","0","0","0","0","0","18478"
"4997","360502","江滤钮","220600194211186258","323","山东省德州市陵城区前门大街340号","83671","65776","38614","4951","257","686","785","0","0","38528"
"4998","360502","毛锯费","22060019811202530X","320","山东省德州市陵城区前门大街154号","30845","18683","10789","0","0","0","0","0","0","20084"
"4999","360502","熊贤茂","220600195010266205","325","山东省德州市陵城区前门大街27号","38959","30776","18046","0","0","0","0","0","0","20944"
"5000","360502","吕牛弹","220600195301086263","325","山东省德州市陵城区前门大街27号","167378","129582","77329","19861","0","0","0","0","0","70248"
"5001","360502","吕寺府","220600196205036279","325","山东省德州市陵城区前门大街27号","97234","65027","25645","12139","0","0","0","0","0","59509"
"5002","360502","笃莫绣","220600195506276255","325","山东省德州市陵城区前门大街27号","43177","28892","16915","0","0","0","0","0","0","26291"
"5003","360502","同锐绣","220600194402146259","325","山东省德州市陵城区前门大街27号","128982","107876","42401","27796","0","0","0","0","0","58847"
"5004","360502","候寄围","220600201610305376","320","山东省德州市陵城区前门大街154号","60452","31969","12421","6496","0","6828","9841","0","0","24986"
"5005","360502","熊廉襄","220600196902255194","320","山东省德州市陵城区前门大街154号","66812","48217","28079","593","0","0","0","0","0","38201"
"5006","360502","寇横绣","22060019701208528X","326","山东省德州市陵城区前门大街506号","180616","125657","59638","28122","0","0","0","0","0","92916"
"5007","360502","毛筋绣","220600196506266254","326","山东省德州市陵城区前门大街506号","36614","30636","16666","0","0","0","0","0","0","19979"
"5008","360502","力筋逐","220600194810136260","326","山东省德州市陵城区前门大街506号","108053","86452","49291","10806","0","0","0","0","0","48016"
"5009","360502","力依融","220600194004176268","326","山东省德州市陵城区前门大街506号","44490","35684","20990","0","0","0","0","0","0","23530"
"5010","360502","江小譬","220600195608076246","326","山东省德州市陵城区前门大街506号","85279","59448","35249","3030","0","0","0","0","0","47060"
"5011","360502","寇漫绣","220600195403185254","326","山东省德州市陵城区前门大街506号","171280","63166","37480","3922","0","0","0","0","0","129938"
"5012","360502","坚廉襄","220600195602256297","320","山东省德州市陵城区前门大街154号","44099","30906","24572","0","0","0","0","0","0","19556"
"5013","360502","尔反英","220600194012266255","320","山东省德州市陵城区前门大街154号","38864","33468","19661","0","0","0","0","0","0","19232"
"5014","360502","其苗襄","220600197001235254","326","山东省德州市陵城区前门大街506号","40889","27773","16243","0","0","0","0","0","0","24676"
"5015","360502","江苗淤","220600197409236242","326","山东省德州市陵城区前门大街506号","237520","89006","65392","14215","16108","19519","10610","0","0","111827"
"5016","360502","泰漫绣","22060019481026625X","327","山东省德州市陵城区前门大街64号","70552","55415","32887","2027","0","0","0","0","0","35698"
"5017","360502","印姥哲","220600194806176251","327","山东省德州市陵城区前门大街64号","52057","36947","21749","0","0","0","0","0","0","30338"
"5018","360502","熊诡襄","220600196503166282","327","山东省德州市陵城区前门大街64号","88337","58391","34183","12313","1518","8350","8975","0","0","23149"
"5019","360502","卫襄貌","22060019540720626X","322","山东省德州市陵城区前门大街866号","51955","45926","27136","0","0","0","0","0","0","24850"
"5020","360502","江诡英","220600196206026259","327","山东省德州市陵城区前门大街64号","37097","31780","18648","0","0","0","0","0","0","18479"
"5021","360502","卷凑壕","220600197812066255","322","山东省德州市陵城区前门大街866号","37991","31958","17891","0","0","0","0","0","0","20129"
"5022","360502","吕流襄","220600195405186250","322","山东省德州市陵城区前门大街866号","129628","82534","49351","8419","0","0","0","0","0","71916"
"5023","360502","力埠流","220600195209286254","327","山东省德州市陵城区前门大街64号","38984","25938","15143","0","0","0","0","0","0","23872"
"5024","360502","坚凑英","220600193407215255","322","山东省德州市陵城区前门大街866号","55886","36686","28972","0","0","0","0","0","0","26945"
"5025","360502","达芽堵","220600195106076262","327","山东省德州市陵城区前门大街64号","53843","46354","25313","1423","0","0","0","92","0","27103"
"5026","360502","尔贤汞","220600195205186256","327","山东省德州市陵城区前门大街64号","50131","41024","22898","1554","0","0","0","0","0","25738"
"5027","360502","力苗姥","220600197506185280","330","山东省德州市陵城区前门大街895号","52706","41677","32964","0","0","0","0","0","0","19772"
"5028","360502","敏剃橡","220600195309306267","330","山东省德州市陵城区前门大街895号","107513","83126","47425","9931","0","0","0","0","0","50218"
"5029","360502","死渺姥","220600194408036202","330","山东省德州市陵城区前门大街895号","48828","42586","25132","0","0","0","0","0","0","23726"
"5030","360502","班垂府","220600196803256247","330","山东省德州市陵城区前门大街895号","44670","26472","14918","0","0","0","0","0","0","29782"
"5031","360502","吕反英","220600195705016202","330","山东省德州市陵城区前门大街895号","59196","50420","31864","0","0","0","0","0","0","27362"
"5032","360502","针贤英","220600193807316258","330","山东省德州市陵城区前门大街895号","58460","51025","28468","2045","0","0","0","0","0","28009"
"5033","360502","卷筋府","220600197205246246","330","山东省德州市陵城区前门大街895号","29188","23970","10962","0","0","0","0","0","0","18256"
"5034","360502","达貌圣","220600194111166268","327","山东省德州市陵城区前门大街64号","39726","20195","15778","0","0","0","0","0","0","23978"
"5035","360502","吕小羌","220600195901106248","330","山东省德州市陵城区前门大街895号","56317","48367","28601","370","0","0","0","0","0","27407"
"5036","360502","死帅府","220600196812196266","328","山东省德州市陵城区前门大街0号","39029","31088","18233","0","0","0","0","0","0","20826"
"5037","360502","和绣英","220600193408106202","330","山东省德州市陵城区前门大街895号","59462","52741","30793","6661","0","0","0","0","0","22068"
"5038","360502","班知淤","220600196807096260","328","山东省德州市陵城区前门大街0号","32117","18749","10829","0","0","0","0","0","0","21317"
"5039","360502","坚昌保","220600195610286242","328","山东省德州市陵城区前门大街0号","53047","39760","22572","4962","370","3217","2309","0","0","19768"
"5040","360502","班朗脖","220600194702206268","328","山东省德州市陵城区前门大街0号","44046","35945","19033","0","0","0","0","61","0","25012"
"5041","360502","丰伤茂","220600195104146204","330","山东省德州市陵城区前门大街895号","63677","42906","33947","0","0","0","0","0","0","29760"
"5042","360502","泰季钮","220600195310156251","328","山东省德州市陵城区前门大街0号","114077","70068","53863","0","0","0","0","0","0","60244"
"5043","360502","死寐府","220600196407206264","328","山东省德州市陵城区前门大街0号","298068","186769","105824","37076","0","0","0","0","0","155227"
"5044","360502","熊戗晨","220600197605146236","328","山东省德州市陵城区前门大街0号","48605","23432","9007","0","0","0","0","0","0","39629"
"5045","360502","丰苗狰","220600194503156253","328","山东省德州市陵城区前门大街0号","65250","58031","34398","2689","0","0","0","0","0","28223"
"5046","360502","贾小费","22060019540428625X","328","山东省德州市陵城区前门大街0号","75965","61051","36211","3414","0","0","0","0","0","36398"
"5047","360502","尔锐伤","220600195812016240","330","山东省德州市陵城区前门大街895号","72780","41459","24502","0","0","0","0","61","0","48276"
"5048","360502","其锯伤","420803195505205866","278","山东省德州市陵城区前门大街206号","70439","55208","37225","0","0","0","0","0","0","33244"
"5049","360502","闻哎襄","220600194705021381","273","山东省德州市陵城区前门大街562号","148168","128750","76830","19662","0","0","0","0","0","51737"
"5050","360502","闻硝惶","220600195705231340","278","山东省德州市陵城区前门大街206号","170860","136451","78426","23324","0","0","0","0","0","69169"
"5051","360502","何小姥","220600197006281380","273","山东省德州市陵城区前门大街562号","83694","62940","37344","3868","0","0","0","0","0","42542"
"5052","360502","闻凑伤","220600196910101363","278","山东省德州市陵城区前门大街206号","56975","30505","11836","0","0","0","0","0","0","45168"
"5053","360502","坚恩苗","220600197207011352","273","山东省德州市陵城区前门大街562号","99797","75562","21998","18800","0","0","0","0","0","59058"
"5054","360502","邹凑伤","220600196311111367","273","山东省德州市陵城区前门大街562号","192366","127793","64649","15222","0","0","0","61","0","112525"
"5055","360502","屠筋筐","220600194703281307","278","山东省德州市陵城区前门大街206号","55848","48845","28886","485","0","0","0","0","0","26537"
"5056","360502","律筋苗","220600197605171386","273","山东省德州市陵城区前门大街562号","96402","76307","44500","14465","1363","8112","7142","0","0","20971"
"5057","360502","邹府流","220600194203181350","278","山东省德州市陵城区前门大街206号","43856","36395","21416","0","0","0","0","0","0","22469"
"5058","360502","达融阮","220600195403181341","273","山东省德州市陵城区前门大街562号","59242","36119","20819","0","0","0","0","0","0","38453"
"5059","360502","熊流绣","22060019570330135X","273","山东省德州市陵城区前门大街562号","79628","36038","16968","0","0","0","0","0","0","62690"
"5060","360502","坚锯姥","220600196406031300","273","山东省德州市陵城区前门大街562号","79176","58975","43367","0","0","0","0","0","0","35839"
"5061","360502","熊强购","220600196602121362","278","山东省德州市陵城区前门大街206号","55790","39212","23107","0","0","0","0","0","0","32712"
"5062","360502","其淤譬","220600198303211367","278","山东省德州市陵城区前门大街206号","36402","29305","16730","0","0","0","0","0","0","19700"
"5063","360502","闻锯哄","220600195107271369","273","山东省德州市陵城区前门大街562号","76132","42538","17406","3866","0","0","0","0","0","54920"
"5064","360502","何滤埠","220600193808181340","273","山东省德州市陵城区前门大街562号","111517","59800","34596","3632","0","0","0","0","0","73349"
"5065","360502","仲小筋","220600196803135285","333","山东省德州市陵城区前门大街859号","82376","78978","33068","16056","0","0","0","0","0","33312"
"5066","360502","宓禹橡","220600195811086263","333","山东省德州市陵城区前门大街859号","142019","96011","56843","12058","0","0","0","61","0","73147"
"5067","360502","卷垂绣","220600196804175254","333","山东省德州市陵城区前门大街859号","85406","65514","38456","4745","0","0","0","0","0","42265"
"5068","360502","卷小壕","220600197505286266","333","山东省德州市陵城区前门大街859号","65027","47963","26198","1674","0","0","0","0","0","37216"
"5069","360502","何活府","220600195505026262","336","山东省德州市陵城区前门大街376号","59380","51755","30200","1442","0","0","0","0","0","27796"
"5070","360502","卷恩流","220600195707106201","333","山东省德州市陵城区前门大街859号","65520","34582","20329","0","0","0","0","0","0","45221"
"5071","360502","程昌府","430425195511213561","336","山东省德州市陵城区前门大街376号","36107","31243","17462","0","0","0","0","0","0","18674"
"5072","360502","卷凑英","220600193905276253","333","山东省德州市陵城区前门大街859号","74220","64333","51617","0","0","0","0","0","0","22633"
"5073","360502","卷壕英","220600197405265257","333","山东省德州市陵城区前门大街859号","90805","81326","49602","13355","1183","976","7348","0","0","18492"
"5074","360502","吕媚姣","22060020061208535X","333","山东省德州市陵城区前门大街859号","94200","68183","39193","5904","0","0","0","0","0","49163"
"5075","360502","卷筋姥","220600195304016201","333","山东省德州市陵城区前门大街859号","43991","33877","19906","0","0","0","0","0","0","24115"
"5076","360502","其漫府","220600196001226265","331","山东省德州市陵城区前门大街57号","40831","27644","16166","0","0","0","0","0","0","24695"
"5077","360502","尔邮英","220600196409105299","329","山东省德州市陵城区前门大街982号","44539","40081","25414","0","0","0","0","0","0","19154"
"5078","360502","律府伤","220600195704166268","329","山东省德州市陵城区前门大街982号","56167","47922","27469","781","0","0","0","0","0","27977"
"5079","360502","伟姥英","220600195405026257","329","山东省德州市陵城区前门大街982号","67338","57828","32164","3955","0","0","0","61","0","31247"
"5080","360502","伍啃紊","220600200608285340","331","山东省德州市陵城区前门大街57号","33241","18721","14599","0","0","0","0","0","0","18672"
"5081","360502","国匈茂","220600196111276255","329","山东省德州市陵城区前门大街982号","107239","89954","51824","11388","0","0","0","0","0","44087"
"5082","360502","死毡流","220600196509256203","329","山东省德州市陵城区前门大街982号","30565","24512","9439","0","0","0","0","0","0","21156"
"5083","360502","伍课","220600199407301345","291","山东省德州市陵城区前门大街390号","59790","24833","10223","3388","302","4525","8468","92","0","32970"
"5084","360502","漆修","220600199001291351","291","山东省德州市陵城区前门大街390号","50904","44686","25960","0","0","0","0","0","0","24974"
"5085","360502","功锯府","220600196506131368","291","山东省德州市陵城区前门大街390号","114946","91524","52766","11765","0","0","0","0","0","50474"
"5086","360502","邹哪府","220600196801271363","291","山东省德州市陵城区前门大街390号","56470","51356","28666","3641","468","60","1488","0","0","22297"
"5087","360502","邹夜阮","220600195609181363","273","山东省德州市陵城区前门大街562号","53914","32782","20111","0","0","0","0","0","0","33833"
"5088","360502","哈炊栽","220600194805101362","291","山东省德州市陵城区前门大街390号","118992","101226","59452","13574","0","0","0","0","0","46025"
"5089","360502","屠小壕","22060019680919135X","291","山东省德州市陵城区前门大街390号","68065","53088","31433","1504","0","0","0","0","0","35190"
"5090","360502","闻苍磺","220600195205061269","273","山东省德州市陵城区前门大街562号","118422","75646","44968","6917","0","0","0","0","0","66598"
"5091","360502","利嵌伤","220600195903211340","273","山东省德州市陵城区前门大街562号","81692","41581","32887","0","0","0","0","0","0","48835"
"5092","360502","哈诡襄","220600196205201350","291","山东省德州市陵城区前门大街390号","212376","139246","82310","22718","0","0","0","61","0","107376"
"5093","360502","隋拿襄","220600196604161309","291","山东省德州市陵城区前门大街390号","90550","76768","43913","8224","0","0","0","0","0","38473"
"5094","360502","野小壕","220600197308281386","291","山东省德州市陵城区前门大街390号","54238","45019","26990","0","0","0","0","0","0","27277"
"5095","360502","熊哎宝","220600195007021362","291","山东省德州市陵城区前门大街390号","45325","29704","23386","0","0","0","0","0","0","21970"
"5096","360502","甫婪","220600198308051307","291","山东省德州市陵城区前门大街390号","28325","20286","10040","0","0","0","0","61","0","18283"
"5097","360502","达择嵌","220600201004201366","291","山东省德州市陵城区前门大街390号","145751","135114","54599","36820","0","0","0","0","0","54394"
"5098","360502","班强阮","220600193604225866","337","山东省德州市陵城区前门大街87号","38934","32713","19207","0","0","0","0","0","0","19756"
"5099","360502","邹筋钮","220600196310131307","291","山东省德州市陵城区前门大街390号","223921","179701","107132","32051","0","0","0","0","0","84798"
"5100","360502","班滤襄","220600197101085855","337","山东省德州市陵城区前门大街87号","29064","18604","10742","0","0","0","0","0","0","18352"
"5101","360502","律惺磺","220600194202261367","291","山东省德州市陵城区前门大街390号","40693","32242","18925","0","0","0","0","0","0","21798"
"5102","360502","卫惶凑","220600194812061362","291","山东省德州市陵城区前门大街390号","38965","27787","16253","0","0","0","0","0","0","22744"
"5322","360502","国小英","220600196006269758","388","山东省德州市陵城区前门大街949号","32736","13874","7951","0","0","0","0","61","0","24782"
"5323","360502","初断孟","220600194812319765","388","山东省德州市陵城区前门大街949号","57470","48620","28320","690","0","0","0","0","0","28520"
"5324","360502","吕襄钮","220600195101219754","390","山东省德州市陵城区前门大街930号","38707","27292","15523","0","0","0","0","0","0","23215"
"5325","360502","延愚羌","220600194704199751","390","山东省德州市陵城区前门大街930号","157928","63758","37403","4324","0","0","0","0","0","116262"
"5326","360502","国鄂襄","220600194607272355","299","山东省德州市陵城区前门大街624号","34368","26749","15629","0","0","0","0","0","0","18769"
"5327","360502","伍诡哲","220600197110172395","299","山东省德州市陵城区前门大街624号","40348","24856","14062","0","0","0","0","0","0","26317"
"5328","360502","国修","220600199712072307","294","山东省德州市陵城区前门大街819号","36954","25962","11879","0","0","0","0","0","0","25105"
"5329","360502","谬效猱","220600201210062352","295","山东省德州市陵城区前门大街742号","49957","36725","21184","0","0","0","0","0","0","28804"
"5330","360502","孛宙譬","220600196101132362","295","山东省德州市陵城区前门大街742号","51172","44315","26168","0","0","0","0","0","0","25032"
"5331","360502","犁壕府","220600196407232331","294","山东省德州市陵城区前门大街819号","66263","59800","35028","3373","0","0","0","0","0","27922"
"5332","360502","允嗓英","220600195604142357","299","山东省德州市陵城区前门大街624号","85822","53078","30995","1760","0","0","0","0","0","53126"
"5333","360502","熊围矣","220600194708102363","294","山东省德州市陵城区前门大街819号","100699","86284","51545","9353","0","0","0","0","0","39862"
"5334","360502","仙慌襄","220600195707262300","299","山东省德州市陵城区前门大街624号","30761","17690","10194","0","0","0","0","0","0","20597"
"5335","360502","卷团府","220600195511272347","299","山东省德州市陵城区前门大街624号","40512","31013","18188","0","0","0","0","0","0","22355"
"5336","360502","吕好搪","220600193705132378","299","山东省德州市陵城区前门大街624号","38484","33298","18695","0","0","0","0","0","0","19819"
"5337","360502","犁衰襄","220600195011172307","299","山东省德州市陵城区前门大街624号","174358","120529","47077","32581","0","0","0","0","0","94759"
"5338","360502","力波","220600195905102375","300","山东省德州市陵城区前门大街388号","56291","47113","28759","425","0","0","0","0","0","27166"
"5339","360502","吕衣哲","220600196111042301","293","山东省德州市陵城区前门大街16号","114109","100468","55541","15466","0","0","0","0","0","43164"
"5340","360502","尔匈姥","220600195010112361","302","山东省德州市陵城区前门大街854号","287114","190345","80156","54714","88","0","505","0","0","151770"
"5341","360502","犁小留","22060019760618236X","293","山东省德州市陵城区前门大街16号","64570","55583","32498","2362","0","0","0","0","0","29771"
"5342","360502","长苗费","22060019520818239X","300","山东省德州市陵城区前门大街388号","34568","23639","12899","0","0","0","0","0","0","21700"
"5343","360502","谭蚀譬","220600200503192367","302","山东省德州市陵城区前门大街854号","405678","272305","106636","101476","21920","39103","36030","0","0","100663"
"5344","360502","班跪孟","220600196304262271","298","山东省德州市陵城区前门大街124号","47977","42019","16441","3857","0","0","0","0","0","27739"
"5345","360502","贾襄谅","220600196004272355","296","山东省德州市陵城区前门大街280号","62743","58157","35521","2092","0","0","0","0","0","25190"
"5103","360502","律小淤","220600196605251365","291","山东省德州市陵城区前门大街390号","53412","49032","18095","7380","0","0","0","0","0","27996"
"5104","360502","坚海堵","220600196007256246","332","山东省德州市陵城区前门大街973号","43064","35400","20388","0","0","0","0","0","0","22706"
"5105","360502","初锯绣","220600196006286259","332","山东省德州市陵城区前门大街973号","54356","48613","27883","2048","0","0","0","0","0","24484"
"5106","360502","力小英","220600197302176251","332","山东省德州市陵城区前门大街973号","43438","37506","21220","0","0","0","0","0","0","22248"
"5107","360502","坚知稍","220600194003036263","332","山东省德州市陵城区前门大街973号","51493","38675","29452","0","0","0","0","0","0","22072"
"5108","360502","坚嗓英","220600195704096255","332","山东省德州市陵城区前门大街973号","114862","88459","52224","10252","0","0","0","0","0","52447"
"5109","360502","贾譬","220600197710255266","331","山东省德州市陵城区前门大街57号","73639","56190","33294","2248","0","0","0","0","0","38158"
"5110","360502","坚凉府","220600195712216261","332","山东省德州市陵城区前门大街973号","30846","14167","7694","0","0","0","0","61","0","23150"
"5111","360502","熊季钮","220600194804206250","332","山东省德州市陵城区前门大街973号","47204","33514","19688","0","0","0","0","0","0","27546"
"5112","360502","坚小局","220600197010226261","332","山东省德州市陵城区前门大街973号","114792","95486","55144","15719","1931","3637","6366","0","0","32147"
"5113","360502","贾贤唁","220600197308236243","331","山东省德州市陵城区前门大街57号","47404","39954","20542","157","0","0","0","0","0","26765"
"5114","360502","坚顾栽","220600195003296262","332","山东省德州市陵城区前门大街973号","38562","33008","17090","0","0","0","0","61","0","21470"
"5115","360502","隋瘪惶","220600199207301367","287","山东省德州市陵城区前门大街629号","74680","63108","23725","12139","0","0","0","0","0","38875"
"5116","360502","卫小恩","220600197208091374","287","山东省德州市陵城区前门大街629号","38011","13997","5233","0","0","0","6602","0","0","26236"
"5117","360502","班活筋","220600196110111360","274","山东省德州市陵城区前门大街842号","41395","35702","20569","0","0","0","0","0","0","20856"
"5118","360502","隋拿唁","220600197004021366","287","山东省德州市陵城区前门大街629号","129193","110118","62627","17005","0","0","0","0","0","49622"
"5119","360502","班讯","220600199410031366","274","山东省德州市陵城区前门大街842号","89430","40662","23977","0","0","0","0","0","0","65483"
"5120","360502","班押缦","22060020120423121X","274","山东省德州市陵城区前门大街842号","136764","61105","24077","10728","0","0","0","0","0","102020"
"5121","360502","丰毡花","220600194509281354","287","山东省德州市陵城区前门大街629号","96299","83005","50773","7829","0","0","0","0","0","37757"
"5122","360502","乙贤流","220600197303291307","274","山东省德州市陵城区前门大街842号","46210","29447","15952","0","0","0","0","0","0","30287"
"5123","360502","班筋花","220600198904031855","274","山东省德州市陵城区前门大街842号","48786","47939","18426","8327","0","0","2527","0","0","19597"
"5124","360502","功晴保","220600196906221370","287","山东省德州市陵城区前门大街629号","56236","27566","15688","0","0","0","0","0","0","40578"
"5125","360502","卫衰茂","220600195802281358","287","山东省德州市陵城区前门大街629号","29720","17429","10037","0","0","0","0","0","0","19714"
"5126","360502","针拿皮","22060019651214136X","287","山东省德州市陵城区前门大街629号","43297","32651","19170","0","0","0","0","0","0","24157"
"5127","360502","针栽阮","220600195806211322","287","山东省德州市陵城区前门大街629号","104531","92594","54416","11417","0","0","0","0","0","38758"
"5128","360502","班哎惶","220600194102281360","274","山东省德州市陵城区前门大街842号","44052","39449","21953","0","0","0","0","0","0","22129"
"5129","360502","闻小唁","22060019770718134X","279","山东省德州市陵城区前门大街63号","27294","21680","8738","0","0","0","0","61","0","18553"
"5130","360502","闻哎壕","220600197405161853","287","山东省德州市陵城区前门大街629号","52826","40888","24113","0","0","0","0","0","0","28744"
"5131","360502","熊榨钮","220600196712061380","278","山东省德州市陵城区前门大街206号","112837","89476","55578","16159","1684","6826","13315","0","0","19424"
"5132","360502","闻贤保","220600196102151346","279","山东省德州市陵城区前门大街63号","235844","151639","88404","27960","2406","13326","7952","0","0","95946"
"5133","360502","闻小逐","220600197105151346","279","山东省德州市陵城区前门大街63号","26398","13297","7559","0","0","0","0","0","0","18869"
"5134","360502","宓棉欺","220600195701171387","279","山东省德州市陵城区前门大街63号","32058","12222","4139","0","0","0","0","0","0","27950"
"5135","360502","达锐绣","220600196110121382","279","山东省德州市陵城区前门大街63号","98916","75666","45026","6941","0","0","0","61","0","46978"
"5136","360502","镇嵌花","341502198003230158","278","山东省德州市陵城区前门大街206号","22248","13760","4116","0","0","0","0","0","0","18162"
"5137","360502","段迎饯","220600201209191341","278","山东省德州市陵城区前门大街206号","30720","19283","9481","0","0","0","0","0","0","21269"
"5138","360502","宓诡府","22060019580727136X","279","山东省德州市陵城区前门大街63号","81266","57146","33868","2477","0","0","0","0","0","44981"
"5139","360502","班诡锋","542124198110172007","279","山东省德州市陵城区前门大街63号","52531","27816","15838","0","0","0","0","0","0","36722"
"5140","360502","伍珐钮","22060019690111121X","290","山东省德州市陵城区前门大街288号","44334","39701","15515","3022","0","0","0","0","0","25858"
"5141","360502","邹雪请","220600197205201304","290","山东省德州市陵城区前门大街288号","62738","50964","27998","2462","262","0","938","0","0","31198"
"5142","360502","班巢矣","22060019560307134X","276","山东省德州市陵城区前门大街309号","44260","42346","23692","0","0","0","0","0","0","20598"
"5143","360502","孛凑伤","220600195209281365","290","山东省德州市陵城区前门大街288号","43643","30000","17580","0","0","0","0","0","0","26093"
"5144","360502","邹府流","220600196209071354","290","山东省德州市陵城区前门大街288号","45160","41149","21246","452","0","0","0","0","0","23521"
"5145","360502","伍晴灼","220600195403151361","290","山东省德州市陵城区前门大街288号","156916","140183","86275","20855","0","0","0","0","0","49847"
"5146","360502","闻渺流","220600195702251303","276","山东省德州市陵城区前门大街309号","66011","55202","31837","2530","0","0","0","0","0","31704"
"5147","360502","利苗襄","220600195306201355","290","山东省德州市陵城区前门大街288号","42936","31337","18706","209","0","0","0","0","0","24082"
"5148","360502","班顾伤","22060019430825136X","274","山东省德州市陵城区前门大街842号","94408","81509","46325","9620","0","0","0","0","0","38522"
"5149","360502","长恩流","220600196607011381","274","山东省德州市陵城区前门大街842号","76697","46538","26639","450","0","0","0","0","0","49668"
"5150","360502","孛学围","220600195401011365","274","山东省德州市陵城区前门大街842号","38873","33452","18787","0","0","0","0","0","0","20116"
"5151","360502","班臆象","220600201411161349","274","山东省德州市陵城区前门大街842号","122075","14356","5376","0","0","0","6764","0","0","109993"
"5152","360502","班淤糙","220600194602081365","274","山东省德州市陵城区前门大街842号","43144","32455","19376","0","0","0","0","0","0","23797"
"5153","360502","邹府绣","220600196101261359","274","山东省德州市陵城区前门大街842号","56948","47616","28150","190","0","0","0","0","0","28669"
"5154","360502","闻小钮","220600196310231359","274","山东省德州市陵城区前门大街842号","62466","46871","27702","0","0","0","0","0","0","34793"
"5155","360502","野围伤","420803195901225869","282","山东省德州市陵城区前门大街238号","34298","28423","15769","0","0","0","0","0","0","18558"
"5156","360502","野建圣","220600194710051366","282","山东省德州市陵城区前门大街238号","73098","43379","26129","0","0","0","0","61","0","46968"
"5391","360521","达替","341502198412153958","453","山东省德州市陵城区前门大街474号","38075","30620","17952","0","0","0","0","0","0","20153"
"5392","360521","丛佣充","341502201807102172","421","山东省德州市陵城区前门大街864号","79622","78997","33450","15838","0","0","0","0","0","30394"
"5393","360521","达袍扔","34150220190619616X","437","山东省德州市陵城区前门大街941号","55007","33954","11238","0","0","0","0","0","0","43799"
"5365","360502","熊小壕","220600196709010144","215","山东省淄博淄川区西直门大街172号","32321","22676","13186","0","0","0","0","0","0","19165"
"5366","360502","镇矣费","220600194611060160","214","福建厦门湖里区一元街道592号","178153","130339","77783","20044","0","0","0","0","0","80386"
"5367","360502","镇署费","220600195303180165","214","山西省太原尖草坪区景山前街506号","50234","43627","25757","0","0","0","0","0","0","24509"
"5368","360502","镇保惶","220600194702100148","214","陕西延安富县一元街道849号","40894","35914","21128","0","0","0","0","0","0","19795"
"5369","360502","熊霹赟","220600197008059468","215","宁夏回族自治区吴忠青铜峡市珠市口大街676号","114482","80618","44761","10024","0","0","0","0","0","59758"
"5370","360502","尔哎费","220600195506109051","219","云南红河哈尼族彝族自治州红河县宣武门大街245号","55948","48487","25648","2213","0","0","0","0","0","28146"
"5371","360502","孛围惶","220600194909259068","218","江苏南通如皋市朝阳门大街421号","42553","36570","19794","0","0","0","0","0","0","22789"
"5372","360502","允长造","220600195801230161","217","河北邢台沙河市永清街道301号","102076","87745","52228","9821","0","0","0","0","0","40088"
"5373","360502","孛罪胬","220600200605169053","218","黑龙江省鹤岗萝北县建国门大街163号","31370","28195","10912","0","0","0","0","0","0","20488"
"5374","360502","允亚搪","220600195110300167","217","山西省晋城城区劳动街道336号","91201","79150","47699","10273","1007","524","4166","0","0","27682"
"5375","360502","允衰府","220600195612310146","217","安徽阜阳界首市东直门大街969号","36498","20405","11822","0","0","0","0","0","0","24704"
"5376","360502","粟诡英","220600195412170150","217","黑龙江省双鸭山宝清县西马街道228号","51874","42146","24436","0","0","0","0","0","0","27468"
"5390","360521","错硝流","411122198207085257","421","山东省德州市陵城区前门大街864号","20431","7620","2152","0","0","0","0","0","0","18310"
"5377","360502","尔襄流","220600196409020156","217","四川宜宾南溪区二七街道254号","68881","41875","24704","0","0","0","0","0","0","44207"
"5378","360502","长蚀请","220600196604230159","217","河南省安阳内黄县新村街道   707号","50042","35308","13757","1440","0","0","0","0","0","34904"
"5379","360502","孔小鸣","220600196301109044","219","福建漳州南靖县西马街道817号","109409","74870","43253","8269","824","3098","3358","61","0","50725"
"5380","360502","孔蜗怯","220600194210229041","219","湖南株洲天元区上海街道819号","26719","20110","7678","0","0","0","0","0","0","19072"
"5381","360502","吕诬蒂","220600196207249067","219","四川广元青川县四唯街道366号","32983","29534","14708","0","0","0","0","0","0","18305"
"5382","360502","尔柬摇","220600200212019054","219","广东清远连山壮族瑶族自治县地安门大街889号","33503","28345","11582","0","0","0","0","0","0","21949"
"5383","360502","尔府磺","220600193805079068","219","江西省九江湖口县文津街537号","43181","38776","21118","0","0","0","0","0","0","22093"
"5384","360502","孛好磺","220600193708029042","219","河北邢台沙河市朝阳门大街655号","94187","75136","45500","6292","0","0","0","0","0","42456"
"5385","360502","孛兹挟","220600201201119070","219","湖北黄冈武穴市崇文门大街878号","325944","226405","85589","85321","13058","35917","36030","0","0","70178"
"5386","360502","孛微","220600199707219001","674","山东省德州市陵城区前门大街362号","187945","99541","58009","13834","667","4333","2153","0","0","109099"
"5387","360521","达缔造","341502195801105059","491","山东省德州市陵城区前门大街898号","48449","28946","16994","0","0","0","0","61","0","31453"
"5388","360521","丛绰伤","341502196703131047","515","山东省德州市陵城区前门大街626号","67068","36824","21674","0","0","0","0","0","0","45424"
"5389","360521","丛怯惶","341502196411096198","435","山东省德州市陵城区前门大街255号","33214","21103","12098","0","0","0","0","0","0","21145"
"5201","360502","达俊择","220600201402191861","364","山东省德州市陵城区前门大街336号","70945","56492","23502","8496","332","262","1038","0","0","37465"
"5202","360502","达衰流","220600194106091855","364","山东省德州市陵城区前门大街336号","83645","59466","35260","3034","0","0","0","0","0","45412"
"5203","360502","利夜凑","220600195611251367","283","山东省德州市陵城区前门大街904号","36506","28873","16471","0","0","0","0","0","0","20065"
"5204","360502","坚筋轨","22060019630827136X","277","山东省德州市陵城区前门大街19号","47575","33317","19571","0","0","0","0","0","0","28036"
"5205","360502","达愚淤","220600199103281840","364","山东省德州市陵城区前门大街336号","74248","55328","32777","2041","0","0","0","0","0","39491"
"5206","360502","尔贤钮","220600197502221344","277","山东省德州市陵城区前门大街19号","84574","73484","42806","11171","1380","1751","4529","0","0","23087"
"5207","360502","尔昌灼","220600197409091346","277","山东省德州市陵城区前门大街19号","86994","66556","52099","0","0","0","0","0","0","34926"
"5208","360502","达雯哲","220600200001031854","364","山东省德州市陵城区前门大街336号","148505","100705","39148","33802","3340","16733","20869","0","0","34763"
"5209","360502","善譬","220600198102161869","364","山东省德州市陵城区前门大街336号","37284","26053","14780","0","0","0","0","0","0","22534"
"5210","360502","坚活绣","220600195611091308","283","山东省德州市陵城区前门大街904号","69134","54924","32102","2203","0","0","0","0","0","34890"
"5211","360502","丛衰流","22060019551216185X","364","山东省德州市陵城区前门大街336号","36431","31794","16064","0","0","0","0","0","0","20396"
"5212","360502","闻衰府","220600196511241342","280","山东省德州市陵城区前门大街920号","111299","51962","26148","0","0","0","0","0","0","85181"
"5213","360502","孛貌凛","220600195512031369","285","山东省德州市陵城区前门大街688号","100678","46883","18388","5608","0","0","0","0","0","76744"
"5214","360502","尔流英","220600195401101301","275","山东省德州市陵城区前门大街384号","30982","21601","10921","0","0","0","0","0","0","20089"
"5215","360502","闻伤灼","220600194608201348","280","山东省德州市陵城区前门大街920号","53566","39683","23390","0","0","0","0","0","0","30205"
"5216","360502","屠贤流","220600196110101306","280","山东省德州市陵城区前门大街920号","35132","17982","14008","0","0","0","0","0","0","21155"
"5217","360502","闻炊坪","220600197206041365","275","山东省德州市陵城区前门大街384号","47554","40513","15071","3775","0","0","0","0","0","28768"
"5218","360502","班斡襄","220600196901201354","275","山东省德州市陵城区前门大街384号","303964","65746","39028","4541","0","0","0","0","0","260455"
"5157","360502","野小姥","220600195001151350","282","山东省德州市陵城区前门大街238号","44443","28658","16775","0","0","0","0","0","0","27698"
"5158","360502","坚顾磺","220600197805141341","288","山东省德州市陵城区前门大街444号","47048","38794","23909","0","0","0","0","0","0","23170"
"5159","360502","丛活姥","220600196304131351","288","山东省德州市陵城区前门大街444号","45888","31190","18294","0","0","0","0","0","0","27624"
"5160","360502","闻哎襄","220600194706011353","288","山东省德州市陵城区前门大街444号","102349","66192","52576","0","0","0","0","0","0","49804"
"5164","360502","孛茎襄","220600193812201367","284","山东省德州市陵城区前门大街974号","41561","38402","22621","0","0","0","0","0","0","18970"
"5165","360502","利怯绣","220600194607111383","284","山东省德州市陵城区前门大街974号","106658","77304","45530","7574","0","0","0","0","0","53615"
"5166","360502","利珐谅","220600195306121304","282","山东省德州市陵城区前门大街238号","140971","99187","57796","13344","0","0","0","0","0","69890"
"5167","360502","坚凑襄","220600195601291357","284","山东省德州市陵城区前门大街974号","211522","176548","105509","31134","0","0","0","0","0","74940"
"5168","360502","邹搜请","22060019730525135X","282","山东省德州市陵城区前门大街238号","32161","23809","13866","0","0","0","0","0","0","18325"
"5169","360502","邹小惶","220600195704291368","284","山东省德州市陵城区前门大街974号","134324","102316","60152","13855","0","0","0","61","0","60347"
"5173","360502","闻府惫","220600197206271347","282","山东省德州市陵城区前门大街238号","196674","54095","32038","1745","0","0","0","0","0","162952"
"5487","360521","多福摊","341502192909182167","412","山东省德州市陵城区前门大街679号","44104","27109","15846","0","0","0","0","0","0","28288"
"5488","360521","才福伤","341502196307222174","415","山东省德州市陵城区前门大街885号","175424","136142","80833","21695","0","0","0","0","0","72956"
"5489","360521","犁惶怯","341502195303062164","415","山东省德州市陵城区前门大街885号","70477","57276","43907","0","0","0","0","0","0","26599"
"5490","360521","吕贤谅","341502196503182106","412","山东省德州市陵城区前门大街679号","28084","17921","8788","0","0","0","0","0","0","19326"
"5491","360521","熊容","341502198709252156","415","山东省德州市陵城区前门大街885号","42448","25958","15155","0","0","0","0","0","0","27323"
"5219","360502","闻且惫","22060019771016134X","280","山东省德州市陵城区前门大街920号","162260","91182","51697","12556","510","364","1894","0","0","95392"
"5220","360502","丛搀花","220600197206301358","280","山东省德州市陵城区前门大街920号","43252","37832","21415","1054","154","97","444","0","0","20237"
"5221","360502","闻竞流","22060019531219135X","280","山东省德州市陵城区前门大街920号","58259","46025","17276","5759","0","0","0","0","0","35284"
"5222","360502","闻糙恋","220600199511301345","275","山东省德州市陵城区前门大街384号","103430","45329","26778","0","0","0","0","0","0","76684"
"5223","360502","闻筋姥","220600197104021304","280","山东省德州市陵城区前门大街920号","78271","49164","27782","1339","0","0","0","0","0","49210"
"5224","360502","闻凑亢","220600197605261373","275","山东省德州市陵城区前门大街384号","141402","84419","48166","10702","539","3140","1726","92","0","77220"
"5225","360502","吕承惶","22060019460426136X","275","山东省德州市陵城区前门大街384号","41466","36041","20340","0","0","0","0","0","0","21156"
"5226","360502","何府绣","220600194907141381","285","山东省德州市陵城区前门大街688号","60211","40376","22942","0","0","0","0","0","0","37300"
"5227","360502","闻小惫","22060019651110134X","275","山东省德州市陵城区前门大街384号","87331","69787","39293","7724","923","3504","3006","0","0","33032"
"5228","360502","熊晴府","22060019540705186X","366","山东省德州市陵城区前门大街418号","39097","34034","20000","0","0","0","0","0","0","19127"
"5229","360502","达衰府","220600196804051876","363","山东省德州市陵城区前门大街794号","54217","37529","22098","0","0","0","0","0","0","32149"
"5230","360502","功苍邱","220600194012241867","363","山东省德州市陵城区前门大街794号","56874","49492","27115","1936","0","0","0","0","0","27883"
"5231","360502","针锯灼","220600195805181854","363","山东省德州市陵城区前门大街794号","48434","31519","18491","0","0","0","0","0","0","29974"
"5232","360502","达拿拿","220600195801311869","363","山东省德州市陵城区前门大街794号","54046","46691","27163","227","0","0","0","0","0","26717"
"5233","360502","功孟锌","220600194209271867","363","山东省德州市陵城区前门大街794号","53098","46936","26878","545","0","0","0","0","0","25735"
"5234","360502","达雪譬","220600197705031866","363","山东省德州市陵城区前门大街794号","132161","96874","55832","13135","0","0","0","0","0","63254"
"5235","360502","宓锯譬","220600197405291869","363","山东省德州市陵城区前门大街794号","243760","76850","45690","7206","0","0","0","0","0","190924"
"5236","360502","延福姥","220600194904151859","363","山东省德州市陵城区前门大街794号","83239","73351","43158","7169","0","0","0","0","0","32971"
"5237","360502","达浆惶","22060019531219186X","365","山东省德州市陵城区前门大街122号","57396","51070","29790","1278","0","0","0","0","0","26389"
"5238","360502","闻凑姥","220600197303071857","365","山东省德州市陵城区前门大街122号","38309","29038","17003","0","0","0","0","0","0","21336"
"5239","360502","班苗府","220600195507011865","364","山东省德州市陵城区前门大街336号","59575","41910","16398","3817","0","0","0","0","0","39421"
"5240","360502","程锐流","220600196601241856","365","山东省德州市陵城区前门大街122号","79289","61211","27846","8528","0","0","0","0","0","42974"
"5241","360502","达缺茂","220600196002081854","364","山东省德州市陵城区前门大街336号","82898","39320","21444","0","0","0","0","0","0","61484"
"5242","360502","镇衰哲","220600195909301865","364","山东省德州市陵城区前门大街336号","70664","46903","26858","538","0","0","0","0","0","43328"
"5243","360502","达壕英","220600197601181851","364","山东省德州市陵城区前门大街336号","76664","61177","35423","4252","482","0","1546","0","0","35083"
"5244","360502","闻毡毡","220600196910121807","371","山东省德州市陵城区前门大街718号","111122","89401","50629","18992","2192","6181","14888","0","0","18390"
"5245","360502","班嵌府","220600195604241865","371","山东省德州市陵城区前门大街718号","101705","71898","41855","6626","173","80","504","0","0","52616"
"5246","360502","程竞绣","220600195705251800","371","山东省德州市陵城区前门大街718号","62461","53728","31817","1657","0","0","0","0","0","29048"
"5247","360502","班竞伤","22060019620510186X","371","山东省德州市陵城区前门大街718号","103950","91746","71099","1530","0","0","0","0","0","31382"
"5248","360502","班唇伤","22060019590219186X","371","山东省德州市陵城区前门大街718号","47639","41579","24527","0","0","0","0","0","0","23141"
"5249","360502","麴样恩花","220600198403294358","370","山东省德州市陵城区前门大街308号","41494","35561","20916","0","0","0","0","0","0","20606"
"5250","360502","功诡哲","22060019670418185X","371","山东省德州市陵城区前门大街718号","41797","25668","14981","0","0","0","0","0","0","26845"
"5251","360502","程府钮","220600195405051858","371","山东省德州市陵城区前门大街718号","157300","131774","51192","36859","0","0","0","0","0","69308"
"5252","360502","尔海波","220600199809231861","368","山东省德州市陵城区前门大街799号","43946","29830","17478","0","0","0","0","0","0","26498"
"5253","360502","尔围制","220600195107211868","368","山东省德州市陵城区前门大街799号","36089","32036","17506","0","0","0","0","0","0","18613"
"5254","360502","尔棉棉","220600197201131855","368","山东省德州市陵城区前门大街799号","48644","33548","19709","0","0","0","0","0","0","28966"
"5255","360502","班地艳","220600195302181166","353","山东省德州市陵城区前门大街473号","60541","40955","24154","0","0","0","0","0","0","36418"
"5256","360502","粟寺府","220600195901211160","356","山东省德州市陵城区前门大街10号","85504","65789","39054","4552","0","0","0","0","0","41959"
"5257","360502","粟嵌府","22060019680627116X","356","山东省德州市陵城区前门大街10号","108164","86393","50551","10199","319","460","995","0","0","45791"
"5258","360502","程哎怯","220600194512301168","356","山东省德州市陵城区前门大街10号","67657","51845","41098","0","0","0","0","0","0","26590"
"5259","360502","尔衰府","220600194205201167","356","山东省德州市陵城区前门大街10号","35250","28927","16277","0","0","0","0","0","0","19003"
"5260","360502","尔潭萝","220600197805161502","356","山东省德州市陵城区前门大街10号","74710","52015","30790","1246","0","0","0","0","0","42734"
"5261","360502","粟族府","220600196206011161","356","山东省德州市陵城区前门大街10号","46712","34789","20021","0","0","0","0","0","0","26722"
"5262","360502","粟哎英","220600196809251156","356","山东省德州市陵城区前门大街10号","385013","201864","120016","37619","0","0","0","0","0","227438"
"5263","360502","程筋绣","220600195311151153","354","山东省德州市陵城区前门大街53号","62033","54721","31116","2672","0","0","0","0","0","28303"
"5264","360502","熊圣围","220600195805141545","352","山东省德州市陵城区前门大街883号","58792","32057","18382","0","0","0","0","0","0","40439"
"5265","360502","同围矣","220600195611021844","371","山东省德州市陵城区前门大街718号","76278","51277","29915","1327","0","0","0","0","0","45096"
"5266","360502","孛轨蓝","220600195605241576","352","山东省德州市陵城区前门大街883号","82339","64594","37472","7134","890","3923","2899","0","0","30169"
"5267","360502","卷诬圣","220600193803311169","352","山东省德州市陵城区前门大街883号","37144","32506","18652","0","0","0","0","0","0","18523"
"5268","360502","同小譬","220600195406261865","371","山东省德州市陵城区前门大街718号","111672","101098","58511","20420","1686","289","8264","0","0","22651"
"5269","360502","孛融府","220600195602091162","352","山东省德州市陵城区前门大街883号","54856","45706","28144","0","0","0","0","0","0","26742"
"5270","360502","班锐茂","220600195904221188","360","山东省德州市陵城区前门大街402号","37244","28751","11134","0","0","0","0","0","0","26140"
"5271","360502","尔绣筋","220600199204241151","360","山东省德州市陵城区前门大街402号","34152","18484","14408","0","0","0","0","0","0","19772"
"5272","360502","尔料邱","220600198811151161","357","山东省德州市陵城区前门大街549号","32504","16501","8106","0","0","0","0","59","0","24400"
"5273","360502","尔俊彗","22060020161007116X","357","山东省德州市陵城区前门大街549号","55942","16198","6113","0","0","0","0","0","0","49858"
"5274","360502","孛顾惶","220600195005241169","357","山东省德州市陵城区前门大街549号","45529","39232","23119","0","0","0","0","0","0","22440"
"5275","360502","卷诡裂","220600195504241163","360","山东省德州市陵城区前门大街402号","126228","107324","63542","14779","0","0","0","0","0","47966"
"5276","360502","镇裂圣","220600193909201144","357","山东省德州市陵城区前门大街549号","97562","86146","50836","9696","0","0","0","0","0","37092"
"5277","360502","卷诡绣","220600195007231159","359","山东省德州市陵城区前门大街228号","97405","85074","66145","0","0","0","0","0","0","31291"
"5278","360502","卷小府","220600197606131167","360","山东省德州市陵城区前门大街402号","454092","153926","61414","59050","7181","50707","25151","0","0","250741"
"5279","360502","初凑英","220600194703111156","359","山东省德州市陵城区前门大街228号","71506","48848","28889","486","0","0","0","0","0","42191"
"5280","360502","粟嚷矣","220600195710011166","359","山东省德州市陵城区前门大街228号","127385","105716","63010","14134","0","0","0","0","0","50300"
"5281","360502","班莫蒂","220600195605031149","359","山东省德州市陵城区前门大街228号","55874","39787","23068","0","0","0","0","61","0","32806"
"5282","360502","江毡流","220600196210231159","350","山东省德州市陵城区前门大街453号","102514","87734","49196","12737","1519","2188","4996","0","0","32028"
"5283","360502","尔绣英","22060019360419115X","359","山东省德州市陵城区前门大街228号","51595","46344","27386","0","0","0","0","0","0","24238"
"5284","360502","孛帅襄","220600196211101153","359","山东省德州市陵城区前门大街228号","53041","46541","24480","1746","0","0","0","0","0","26875"
"5285","360502","坚绣费","220600198107135280","359","山东省德州市陵城区前门大街228号","64698","58682","31333","4920","0","0","0","0","0","28504"
"5286","360502","国禹英","220600193912171150","350","山东省德州市陵城区前门大街453号","43735","39110","22614","0","0","0","0","0","0","21151"
"5287","360502","尔峪谴","220600200303081152","356","山东省德州市陵城区前门大街10号","47336","34280","19716","0","0","0","0","0","0","27650"
"5288","360502","班小惫","220600196806221146","359","山东省德州市陵城区前门大街228号","205148","145848","85793","24544","0","0","0","0","0","94873"
"5289","360502","班小志","220600198212161165","359","山东省德州市陵城区前门大街228号","35914","31350","17526","0","0","0","0","0","0","18418"
"5290","360502","班小局","220600197209261160","359","山东省德州市陵城区前门大街228号","129841","105560","62916","14096","0","0","0","0","0","52888"
"5291","360502","班锯孰","220600195702041154","355","山东省德州市陵城区前门大街929号","53442","45520","26028","205","0","0","0","0","0","27269"
"5292","360502","其悠府","220600196506281147","350","山东省德州市陵城区前门大街453号","45127","30385","17812","0","0","0","0","0","0","27346"
"5293","360502","班诡譬","220600197602151160","359","山东省德州市陵城区前门大街228号","245144","198221","118081","36839","414","211","1312","0","0","88439"
"5294","360502","善绣费","220600195109019757","386","山东省德州市陵城区前门大街674号","63320","51187","30293","1046","0","0","0","0","0","32041"
"5295","360502","班既匈","220600194708039763","386","山东省德州市陵城区前门大街674号","41461","31196","18298","0","0","0","0","0","0","23194"
"5296","360502","律局","220600198806171168","358","山东省德州市陵城区前门大街476号","56976","34205","13316","1043","0","0","0","0","0","42677"
"5297","360502","律诡英","220600195405061159","358","山东省德州市陵城区前门大街476号","58688","51274","28616","2105","0","0","0","0","0","28028"
"5298","360502","达府绣","220600194605231154","357","山东省德州市陵城区前门大街549号","48377","39391","22991","0","0","0","0","0","0","25416"
"5299","360502","尔循磺","220600197005161168","358","山东省德州市陵城区前门大街476号","62434","34237","19691","0","0","0","0","0","0","42773"
"5300","360502","初衰英","220600196910169704","390","山东省德州市陵城区前门大街930号","51619","23669","13781","0","0","0","0","0","0","37868"
"5301","360502","针凑襄","220600196310039754","390","山东省德州市陵城区前门大街930号","99055","78504","56485","1721","0","0","0","0","0","40908"
"5302","360502","镇锐绣","22060019621107970X","390","山东省德州市陵城区前门大街930号","32399","25079","14195","0","0","0","0","0","0","18234"
"5303","360502","麴样宾","220600196003039762","386","山东省德州市陵城区前门大街674号","46153","31289","18354","0","0","0","0","0","0","27830"
"5304","360502","熊嵌英","22060019321225975X","386","山东省德州市陵城区前门大街674号","34979","27322","15973","0","0","0","0","0","0","19037"
"5305","360502","班小姥","220600196208169755","386","山东省德州市陵城区前门大街674号","171342","142856","81838","25121","0","0","0","0","0","64444"
"5306","360502","班苗英","220600194505079757","386","山东省德州市陵城区前门大街674号","53384","42166","25394","0","0","0","0","0","0","28019"
"5307","360502","孛惶造","220600194208189765","386","山东省德州市陵城区前门大街674号","63173","54733","31988","2158","0","0","0","0","0","29087"
"5308","360502","延颈姥","220600197103099759","386","山东省德州市陵城区前门大街674号","35449","23639","13332","0","0","0","0","0","0","22148"
"5309","360502","熊小譬","220600197305019761","386","山东省德州市陵城区前门大街674号","51532","24150","18942","0","0","0","0","0","0","32620"
"5310","360502","孛苗姥","220600193804059751","387","山东省德州市陵城区前门大街970号","41950","34979","18839","0","0","0","0","0","0","23141"
"5311","360502","凭福糙","220600194804112342","301","山东省德州市陵城区前门大街196号","39626","33077","18994","0","0","0","0","0","0","20663"
"5312","360502","凭发府","220600195804122369","301","山东省德州市陵城区前门大街196号","39887","32968","19135","0","0","0","0","61","0","20750"
"5313","360502","初匈圣","220600195310269766","389","山东省德州市陵城区前门大街552号","62593","45044","26606","0","0","0","0","0","0","36017"
"5314","360502","敏柜融","220600195703252340","301","山东省德州市陵城区前门大街196号","35066","29489","16841","0","0","0","0","0","0","18256"
"5315","360502","初乙圣","220600194611159769","389","山东省德州市陵城区前门大街552号","36678","32338","18166","0","0","0","0","61","0","18511"
"5316","360502","孛贤保","220600195806162348","292","山东省德州市陵城区前门大街495号","96733","83094","47708","9742","0","0","0","0","0","39344"
"5317","360502","班兽孟","220600195712199764","389","山东省德州市陵城区前门大街552号","180998","90660","35898","21367","0","0","0","0","0","123793"
"5318","360502","达帅襄","220600195412089758","389","山东省德州市陵城区前门大街552号","45200","36541","21073","2600","0","0","0","0","0","21587"
"5319","360502","寇贤钮","220600196505199758","388","山东省德州市陵城区前门大街949号","43420","35988","20741","0","0","0","0","0","0","22709"
"5320","360502","闻譬糙","220600194807039769","389","山东省德州市陵城区前门大街552号","67092","59987","32549","4973","0","0","0","0","0","29632"
"5321","360502","针毡府","220600196309189747","388","山东省德州市陵城区前门大街949号","90404","63505","28534","21013","0","0","0","0","0","40918"
"5346","360502","熊省发","220600193212292365","297","山东省德州市陵城区前门大街351号","37319","31699","18599","0","0","0","0","0","0","18750"
"5347","360502","孛流圣","220600195311212374","297","山东省德州市陵城区前门大街351号","43440","38942","22973","0","0","0","0","0","0","20497"
"5348","360502","初绣英","220600197311282355","296","山东省德州市陵城区前门大街280号","45389","39550","23137","0","0","0","0","0","0","22282"
"5349","360502","初诡英","220600193503252355","296","山东省德州市陵城区前门大街280号","43211","36491","21475","0","0","0","0","0","0","21767"
"5350","360502","吕诡哲","220600196712022357","297","山东省德州市陵城区前门大街351号","87305","67207","38609","5670","0","0","0","0","0","43086"
"5351","360502","随襄姥","22060019630721235X","295","山东省德州市陵城区前门大街742号","60379","45094","26636","0","0","0","0","0","0","33773"
"5352","360502","丛桃府","220600197509172362","297","山东省德州市陵城区前门大街351号","41075","29448","16817","0","0","0","0","0","0","24288"
"5353","360502","卷缔圣","220600194507109040","218","红桥区一元街道129号","33996","26606","15544","0","0","0","0","0","0","18482"
"5354","360502","孛宙譬","220600197106279077","218","河南省商丘民权县长安街912号","69835","36484","21470","0","0","0","0","0","0","48395"
"5355","360502","帖哎费","220600196307289082","218","青海省海北藏族自治州门源回族自治县一元街道658号","135054","106883","42632","27060","0","0","0","0","0","65422"
"5356","360502","孛保缔","220600194604139065","218","辽宁鞍山铁西区永清街道148号","61379","43819","30576","0","0","0","0","0","0","30833"
"5357","360502","初凑购","220600196506099070","218","内蒙古巴彦淖尔乌拉特后旗西马街道230号","153876","113207","60761","19978","0","0","0","0","0","73198"
"5358","360502","班绣英","220600194807079058","219","江西省南昌安义县劳动街道758号","60348","36319","21371","0","0","0","0","0","0","39007"
"5359","360502","镇胳费","220600195105180164","214","甘肃平凉崆峒区西单大街129号","48998","44506","23692","998","0","0","0","0","0","24368"
"5360","360502","镇顾俊","220600195811160160","214","新疆昌吉自治州吉木萨尔县东直门大街975号","100912","55062","32232","2255","0","0","0","61","0","66452"
"5361","360502","镇泰亚","220600194908200160","214","黑龙江省牡丹江东宁市东直门大街216号","73888","41406","32363","0","0","0","0","0","0","41554"
"5362","360502","镇称尤","22060020121101714X","214","陕西汉中宁强县后湖街道533号","34597","27438","10609","0","0","0","0","0","0","24018"
"5363","360502","吕苗伤","220600195007239062","219","广西梧州蒙山县球场街道559号","71674","47574","28124","180","0","0","0","0","0","43430"
"5364","360502","镇壕惫","22060019750603794X","214","甘肃兰州安宁区丹水池街道222号","184960","148302","85891","25956","0","0","0","0","0","73171"
"5396","360521","达栽惶","341502196903250366","548","山东省德州市陵城区前门大街871号","53663","47448","27617","409","0","0","0","0","0","25698"
"5397","360521","班陨府","341502196603115066","490","山东省德州市陵城区前门大街830号","131328","120472","61946","24320","179","168","635","0","0","44228"
"5398","360521","麴样柘茜","341502202004109156","480","山东省德州市陵城区前门大街846号","34698","19940","15078","0","0","0","0","0","0","19650"
"5399","360521","丛匈艳","341502195610036142","435","山东省德州市陵城区前门大街255号","58326","27298","15959","0","0","0","0","0","0","42397"
"5400","360521","丛旧睿","341502202006191069","512","山东省德州市陵城区前门大街727号","34360","26801","10297","0","0","0","0","0","0","24092"
"5401","360521","熊知承","341502202006214961","470","山东省德州市陵城区前门大街704号","29003","20074","9556","0","0","0","0","0","0","19477"
"5402","360521","针费英","341502195905319756","497","山东省德州市陵城区前门大街661号","59440","50482","29611","1032","0","0","0","0","0","28856"
"5403","360521","镇姥襄","341502197310240351","548","山东省德州市陵城区前门大街871号","85967","73396","43186","6636","0","0","0","0","0","36206"
"5404","360521","达璩亚","341502202008264954","469","山东省德州市陵城区前门大街682号","55992","39196","22666","0","0","0","0","0","0","33356"
"5405","360521","吕澔唱","341502201902091061","521","山东省德州市陵城区前门大街726号","159605","109264","62634","16944","194","0","4288","0","0","75665"
"5406","360521","其墨","341502198904204459","459","山东省德州市陵城区前门大街86号","118067","69456","34703","3244","0","0","0","0","0","80180"
"5407","360521","允恋辕","341502202009209156","473","山东省德州市陵城区前门大街40号","36060","30425","17836","0","0","0","0","0","0","18256"
"5408","360521","丛后唉","341502202009151767","505","山东省德州市陵城区前门大街514号","33949","27410","14340","0","0","0","0","0","0","19639"
"5409","360521","丛柘唉","341502202009236162","446","山东省德州市陵城区前门大街23号","65345","53598","31307","1885","0","0","0","0","0","32213"
"5410","360521","镇绰丹","341502199206110150","549","山东省德州市陵城区前门大街225号","78642","57640","34164","2596","0","0","0","0","0","41942"
"5411","360521","达孟磺","341502202010154965","457","山东省德州市陵城区前门大街478号","52172","35972","17633","0","0","0","0","0","0","34570"
"5412","360521","伍择唯","341502202010095360","454","山东省德州市陵城区前门大街302号","112746","90001","39272","18948","0","0","0","0","0","54586"
"5413","360521","达炣匈","341502202005017157","412","山东省德州市陵城区前门大街679号","66108","11030","4046","0","0","0","0","0","0","62092"
"5414","360521","镇迎寅","341502202011122164","417","山东省德州市陵城区前门大街590号","48272","38212","22507","0","0","0","0","0","0","25795"
"5415","360521","昌韦音","34150220201126615X","433","山东省德州市陵城区前门大街494号","85430","67703","26714","13103","0","0","0","0","0","45673"
"5416","360521","达彗希","341502202101106168","433","山东省德州市陵城区前门大街494号","41764","30733","18019","0","0","0","0","0","0","23773"
"5417","360521","达彗尤","341502202101106141","433","山东省德州市陵城区前门大街494号","55591","42107","24844","0","0","0","0","0","0","30778"
"5418","360521","镇阮择","34150220210106106X","450","山东省德州市陵城区前门大街392号","60779","48926","28504","763","0","0","0","0","0","31572"
"5419","360521","伟柘睿","341502202101056172","443","山东省德州市陵城区前门大街729号","38780","30671","11903","0","0","0","0","0","0","26908"
"5420","360521","伟柘彗","341502202101056148","443","山东省德州市陵城区前门大街729号","40783","32274","12544","348","0","0","0","0","0","27952"
"5421","360502","吕搜造","429013200806187164","267","山东省德州市陵城区前门大街803号","80785","40045","23608","0","0","0","0","0","0","57208"
"5422","360521","班修猱","341502200802192151","416","山东省德州市陵城区前门大街815号","74278","48472","29266","73","0","0","0","56","0","44971"
"5423","360521","麴样珐伤","341502196111049760","497","山东省德州市陵城区前门大街661号","194494","123445","48244","33631","0","0","0","0","0","112679"
"5424","360521","麴样勿伤","341502197001089766","497","山东省德州市陵城区前门大街661号","87848","67978","47389","956","0","0","0","92","0","39500"
"5425","360521","利悠襄","341502196108159758","493","山东省德州市陵城区前门大街986号","70964","47773","29161","0","0","0","0","0","0","41833"
"5426","360521","漆俊譬","341502196212239766","493","山东省德州市陵城区前门大街986号","93912","63779","23176","7648","0","0","0","0","0","63148"
"5427","360521","国孟","341502198402169761","493","山东省德州市陵城区前门大街986号","90670","73088","28102","19289","2363","5030","7807","0","0","28228"
"5428","360521","班圣襄","341502195911179753","497","山东省德州市陵城区前门大街661号","166374","82580","47645","9157","0","0","0","0","0","109633"
"5429","360521","麴样穗蒂","341502196109139767","497","山东省德州市陵城区前门大街661号","48440","35114","19352","2840","371","1588","1165","0","0","23275"
"5430","360521","坚僚僚","341502198808115384","454","山东省德州市陵城区前门大街302号","25315","14336","4567","0","0","0","0","0","0","20778"
"5431","360521","伟苗花","341502195211155355","454","山东省德州市陵城区前门大街302号","171400","122538","74371","17458","0","0","0","61","0","79601"
"5432","360521","班凑府","341502195612245060","489","山东省德州市陵城区前门大街258号","75160","60096","35638","3185","0","0","0","0","0","36396"
"5433","360521","丛饵艳","341502195601245065","489","山东省德州市陵城区前门大街258号","45703","30274","17744","0","0","0","0","0","0","27989"
"5434","360521","丛浊府","341502195906225065","489","山东省德州市陵城区前门大街258号","33091","25086","14678","0","0","0","0","61","0","18412"
"5435","360521","班建","341502196909265366","449","山东省德州市陵城区前门大街40号","54800","34740","27414","0","0","0","0","0","0","27418"
"5436","360521","班流襄","341502195603315303","449","山东省德州市陵城区前门大街40号","79810","57512","34502","2363","0","0","0","61","0","42974"
"5437","360521","毛邮赫","341502194707045067","491","山东省德州市陵城区前门大街898号","77974","53503","29615","9419","1021","5610","10904","92","0","21492"
"5438","360521","班嵌伤","341502195404185067","491","山东省德州市陵城区前门大街898号","48590","40744","24535","178","0","0","0","0","0","23936"
"5439","360521","其壕苗","341502195412245058","491","山东省德州市陵城区前门大街898号","168768","105824","41196","27287","0","0","0","0","0","100345"
"5440","360521","丛素埠","341502193602245367","451","山东省德州市陵城区前门大街662号","79021","58550","36286","1870","0","0","0","0","0","40927"
"5441","360521","丛慌凑","341502195508195059","489","山东省德州市陵城区前门大街258号","49858","32050","12454","268","0","0","0","0","0","37196"
"5442","360521","江诡怯","341502193308205356","454","山东省德州市陵城区前门大街302号","65920","57053","44880","0","0","0","0","0","0","21068"
"5443","360521","江绣姥","341502194711259754","495","山东省德州市陵城区前门大街475号","54247","27625","21722","0","0","0","0","0","0","32555"
"5444","360521","江蒜怯","341502195404249753","495","山东省德州市陵城区前门大街475号","36522","32882","12019","1028","0","0","0","0","0","23536"
"5445","360521","宓肉惶","341502195801199753","495","山东省德州市陵城区前门大街475号","67100","53476","31816","1506","0","0","0","0","0","33840"
"5446","360521","玄局","341502199306249766","495","山东省德州市陵城区前门大街475号","41490","27800","16260","0","0","0","0","0","0","25260"
"5447","360521","江凑灼","341502195809059755","495","山东省德州市陵城区前门大街475号","136080","103508","64950","11754","0","0","0","0","0","59437"
"5448","360521","漆哎英","341502193909219753","493","山东省德州市陵城区前门大街986号","42811","38602","23516","0","0","0","0","0","0","19325"
"5449","360521","玄柜脖","341502194202029766","494","山东省德州市陵城区前门大街516号","63095","46733","28600","0","0","0","0","61","0","34495"
"5450","360521","江禹英","341502197111095059","492","山东省德州市陵城区前门大街963号","54282","35323","16932","2564","337","1146","1054","61","0","32368"
"5394","360521","镇杼断","341502201810073755","554","山东省德州市陵城区前门大街898号","24479","16373","5414","0","0","0","0","0","0","19094"
"5395","360521","熊引筹","341502201812173944","527","山东省德州市陵城区前门大街181号","28517","23378","6682","0","0","0","0","0","0","21866"
"5451","360521","孛矣譬","341502194904195064","492","山东省德州市陵城区前门大街963号","97001","96128","38086","23336","0","0","0","0","0","35640"
"5452","360521","敏涵入","341502195110185061","490","山东省德州市陵城区前门大街830号","75366","68153","46129","1724","0","0","0","0","0","27572"
"5453","360521","玄瘩权","341502194901045060","492","山东省德州市陵城区前门大街963号","102294","87912","52327","9860","0","0","0","0","0","40165"
"5454","360521","班海谅","341502197503029755","492","山东省德州市陵城区前门大街963号","101395","82187","53702","5600","0","0","0","0","0","42152"
"5455","360521","丛绣融","341502194408029745","494","山东省德州市陵城区前门大街516号","74610","64982","38786","4274","0","0","0","61","0","31578"
"5456","360521","丛绣围","341502193910139769","494","山东省德州市陵城区前门大街516号","90722","80216","49430","6982","0","0","0","0","0","34370"
"5457","360521","桓蚀陨","341502195110305051","490","山东省德州市陵城区前门大街830号","50783","24076","11926","0","0","0","9142","0","0","29774"
"5458","360521","熊万伤","341502197510285044","492","山东省德州市陵城区前门大街963号","37662","21038","6846","0","0","0","0","0","0","30846"
"5459","360521","孛完钮","341502196112115053","490","山东省德州市陵城区前门大街830号","291048","145146","75349","17945","0","0","0","61","0","197783"
"5460","360521","敏凑谅","34150219530127215X","417","山东省德州市陵城区前门大街590号","75562","58116","33241","2658","0","0","0","0","0","39721"
"5461","360521","娄蒲伤","341502195107102165","417","山东省德州市陵城区前门大街590号","44507","27949","15193","0","0","0","0","124","0","29249"
"5462","360521","娄襄府","341502195704102171","417","山东省德州市陵城区前门大街590号","30473","11332","5473","0","0","0","0","61","0","24998"
"5463","360521","娄锯府","341502197105254965","417","山东省德州市陵城区前门大街590号","45956","41558","24515","0","0","0","0","0","0","21472"
"5464","360521","熊锯襄","341502195805292189","417","山东省德州市陵城区前门大街590号","41419","28366","14914","0","0","0","0","0","0","26536"
"5465","360521","国圣发","341502195103182161","417","山东省德州市陵城区前门大街590号","121133","100093","76452","2694","0","0","0","0","0","42047"
"5466","360521","镇寐寐","34150219730328214X","417","山东省德州市陵城区前门大街590号","35267","28183","16794","0","0","0","0","0","0","18503"
"5467","360521","镇小来","341502197006237166","417","山东省德州市陵城区前门大街590号","104609","56471","33590","2285","0","0","0","61","0","68762"
"5468","360521","吕慌怯","341502195409202153","417","山东省德州市陵城区前门大街590号","56594","24803","15446","0","0","0","0","0","0","41178"
"5469","360521","马蚀惶","341502194711222150","417","山东省德州市陵城区前门大街590号","65039","49930","29538","745","0","0","0","0","0","34817"
"5470","360521","娄悬埠","341502195303122163","417","山东省德州市陵城区前门大街590号","98681","76362","45706","6904","0","0","0","0","0","46132"
"5471","360521","娄锯英","341502196610182152","417","山东省德州市陵城区前门大街590号","133805","111869","57336","22326","0","0","0","0","0","54203"
"5472","360521","娄栽伤","341502196004102167","417","山东省德州市陵城区前门大街590号","72884","50414","29843","947","0","0","0","92","0","42094"
"5473","360521","敏涵蚀苗","341502194611032157","417","山东省德州市陵城区前门大街590号","42139","25063","13754","0","0","0","0","0","0","28415"
"5474","360521","丛惜三","341502198301211051","416","山东省德州市陵城区前门大街815号","43523","23078","14627","0","0","0","0","0","0","28926"
"5475","360521","漆丹","341502198505079152","416","山东省德州市陵城区前门大街815号","50963","36155","20888","0","0","0","0","61","0","30073"
"5476","360521","班知栽","341502200209282164","416","山东省德州市陵城区前门大街815号","31340","20671","10189","0","0","0","0","0","0","21181"
"5477","360521","么镍英","341502193203189951","416","山东省德州市陵城区前门大街815号","72418","52579","38900","0","0","0","0","61","0","33516"
"5478","360521","班小糕","341502197107102172","416","山东省德州市陵城区前门大街815号","60592","45240","27264","0","0","0","0","0","0","33358"
"5479","360521","娄去钮","341502197212091057","416","山东省德州市陵城区前门大街815号","64223","39971","26882","0","0","0","0","0","0","37369"
"5480","360521","丛凑襄","341502195609122158","416","山东省德州市陵城区前门大街815号","74866","54278","33095","1260","0","0","0","56","0","40544"
"5481","360521","达海请","341502200612102151","416","山东省德州市陵城区前门大街815号","34601","25932","15320","0","0","0","0","0","0","19310"
"5482","360521","丛府伤","341502196511112167","418","山东省德州市陵城区前门大街412号","49651","30391","17862","0","0","0","0","61","0","31788"
"5483","360521","班诡谅","341502196304262154","419","山东省德州市陵城区前门大街455号","155947","121751","70470","19278","0","0","0","0","0","66259"
"5484","360521","玄诡流","341502195504172159","418","山东省德州市陵城区前门大街412号","64541","45037","34415","0","0","0","0","0","0","30156"
"5485","360521","马嵌流","341502196704272159","412","山东省德州市陵城区前门大街679号","184768","110046","62156","24455","2950","18522","17629","124","0","59112"
"5486","360521","丛小譬","341502196810126104","415","山东省德州市陵城区前门大街885号","59470","48404","30188","0","0","0","0","0","0","29311"
